customerID,gender,SeniorCitizen,tenure,PhoneService,InternetService,MonthlyCharges,TotalCharges,Churn
CUST00001,Female,0,0,Yes,DSL,105.09,,Yes
CUST00002,Male,0,38,No,Fiber optic,48.52,1658.62,No
CUST00003,Male,0,49,Yes,No,88.49,4601.69,No
CUST00004,Female,0,49,Yes,DSL,23.4,1271.1,No
CUST00005,Female,1,7,No,No,60.1,426.78,No
CUST00006,Male,1,27,No,DSL,41.75,1193.76,Yes
CUST00007,Male,1,1,Yes,No,95.73,96.24,Yes
CUST00008,Female,0,2,Yes,Fiber optic,68.24,136.12,Yes
CUST00009,Female,0,6,Yes,Fiber optic,95.27,535.5,No
CUST00010,Female,0,40,Yes,Fiber optic,29.76,1443.73,No
CUST00011,Female,0,11,No,DSL,87.66,969.45,No
CUST00012,Female,0,7,No,Fiber optic,76.71,555.24,Yes
CUST00013,Female,0,35,Yes,Fiber optic,26.78,601.76,Yes
CUST00014,Female,0,46,No,DSL,37.33,,No
CUST00015,Female,0,4,Yes,No,86.99,377.55,Yes
CUST00016,Male,0,66,Yes,Fiber optic,46.49,2837.81,No
CUST00017,Male,0,5,No,Fiber optic,86.14,449.08,No
CUST00018,Female,0,9,Yes,DSL,97.33,931.92,Yes
CUST00019,Female,0,54,Yes,DSL,21.9,1601.23,No
CUST00020,Female,0,0,Yes,DSL,61.46,,No
CUST00021,Male,1,44,Yes,Fiber optic,58.32,2543.99,No
CUST00022,Male,0,10,No,DSL,64.53,733.77,No
CUST00023,Male,1,67,No,Fiber optic,61.17,3452.21,No
CUST00024,Female,0,38,No,Fiber optic,80.63,3220.09,Yes
CUST00025,Male,0,27,Yes,Fiber optic,72.9,1821.69,No
CUST00026,Male,0,35,No,Fiber optic,21.1,,Yes
CUST00027,Female,0,49,Yes,No,30.99,1508.04,No
CUST00028,Female,0,1,Yes,Fiber optic,85.7,76.34,No
CUST00029,Female,0,51,No,Fiber optic,49.9,2486.45,No
CUST00030,Male,0,3,Yes,Fiber optic,64.0,203.43,No
CUST00031,Female,0,66,Yes,No,80.0,5273.47,No
CUST00032,Male,1,39,Yes,Fiber optic,40.27,1544.3,Yes
CUST00033,Female,1,6,Yes,No,103.99,666.22,Yes
CUST00034,Male,0,16,No,No,88.02,1362.33,No
CUST00035,Female,0,12,Yes,DSL,41.06,560.23,No
CUST00036,Male,0,0,No,DSL,60.94,,No
CUST00037,Female,1,66,No,DSL,38.9,2159.64,No
CUST00038,Male,0,6,Yes,DSL,79.89,438.33,Yes
CUST00039,Male,0,2,No,DSL,107.45,206.04,Yes
CUST00040,Male,0,2,Yes,Fiber optic,72.32,163.72,No
CUST00041,Female,0,33,No,No,73.73,2667.87,No
CUST00042,Female,1,4,Yes,Fiber optic,105.11,402.34,Yes
CUST00043,Male,0,2,No,No,66.31,128.09,No
CUST00044,Male,0,43,Yes,DSL,87.27,3673.85,No
CUST00045,Male,1,40,Yes,Fiber optic,34.19,1233.57,No
CUST00046,Male,0,48,Yes,No,31.83,1312.25,No
CUST00047,Male,1,27,No,DSL,92.03,2574.28,Yes
CUST00048,Female,1,37,No,DSL,52.56,2059.27,No
CUST00049,Male,0,58,Yes,No,30.39,1377.62,No
CUST00050,Female,1,29,Yes,Fiber optic,57.43,1897.9,No
CUST00051,Male,0,47,No,DSL,39.8,2005.49,No
CUST00052,Male,0,12,No,DSL,49.23,539.09,No
CUST00053,Female,1,11,Yes,Fiber optic,60.83,762.43,No
CUST00054,Male,0,2,No,Fiber optic,94.99,196.52,Yes
CUST00055,Female,0,69,Yes,DSL,55.42,4409.07,No
CUST00056,Female,0,6,No,DSL,65.47,,No
CUST00057,Female,1,15,Yes,Fiber optic,33.7,356.56,No
CUST00058,Female,1,42,Yes,DSL,31.66,1491.58,No
CUST00059,Male,1,65,No,Fiber optic,97.91,,Yes
CUST00060,Female,0,4,Yes,Fiber optic,83.29,,No
CUST00061,Female,1,38,Yes,Fiber optic,42.75,1824.18,No
CUST00062,Female,0,36,No,Fiber optic,72.17,2556.86,No
CUST00063,Female,0,9,Yes,DSL,106.5,975.09,Yes
CUST00064,Female,0,19,Yes,DSL,83.66,1653.36,No
CUST00065,Female,0,27,No,DSL,86.28,2457.46,No
CUST00066,Male,0,19,Yes,Fiber optic,46.38,769.81,Yes
CUST00067,Female,1,9,No,DSL,100.47,840.28,Yes
CUST00068,Male,0,42,No,Fiber optic,68.0,3273.85,No
CUST00069,Female,0,45,Yes,DSL,63.27,2927.76,No
CUST00070,Female,0,2,Yes,Fiber optic,65.8,149.94,No
CUST00071,Male,0,5,No,Fiber optic,94.89,428.49,Yes
CUST00072,Female,0,1,No,Fiber optic,109.84,,No
CUST00073,Male,0,50,No,Fiber optic,86.59,3978.49,No
CUST00074,Female,0,11,Yes,Fiber optic,93.54,1046.77,No
CUST00075,Female,1,2,Yes,No,62.85,105.88,No
CUST00076,Female,0,12,No,No,89.02,1004.48,No
CUST00077,Male,0,69,Yes,DSL,43.46,2465.12,No
CUST00078,Female,1,60,No,Fiber optic,81.84,4785.49,Yes
CUST00079,Male,1,38,Yes,DSL,51.35,1912.26,No
CUST00080,Male,0,3,No,DSL,87.95,284.18,Yes
CUST00081,Female,0,10,No,No,88.68,945.83,No
CUST00082,Male,0,10,Yes,DSL,83.76,898.72,Yes
CUST00083,Male,0,24,Yes,DSL,20.06,299.77,No
CUST00084,Male,1,30,No,DSL,28.86,920.28,No
CUST00085,Male,0,12,Yes,Fiber optic,87.13,1147.12,No
CUST00086,Female,0,0,No,No,73.98,,No
CUST00087,Male,0,9,Yes,No,70.46,555.99,Yes
CUST00088,Male,1,13,No,Fiber optic,76.06,977.89,Yes
CUST00089,Female,1,37,Yes,DSL,87.97,2885.84,No
CUST00090,Male,0,51,Yes,No,59.23,3313.47,No
CUST00091,Male,1,72,Yes,Fiber optic,89.37,6080.46,No
CUST00092,Male,0,12,Yes,DSL,69.56,906.28,No
CUST00093,Male,0,28,Yes,No,36.22,951.71,No
CUST00094,Male,0,61,Yes,Fiber optic,54.69,3684.72,No
CUST00095,Male,1,12,Yes,DSL,45.98,615.11,No
CUST00096,Male,0,12,Yes,DSL,63.11,773.32,No
CUST00097,Female,0,39,Yes,Fiber optic,48.65,2222.33,No
CUST00098,Female,0,3,No,DSL,102.49,287.11,Yes
CUST00099,Female,0,47,No,No,33.94,1620.28,No
CUST00100,Female,0,40,No,No,84.87,,No
CUST00101,Female,0,15,Yes,Fiber optic,65.95,1079.45,No
CUST00102,Female,0,41,Yes,Fiber optic,88.89,3500.72,Yes
CUST00103,Female,0,47,No,DSL,37.13,1556.98,No
CUST00104,Male,0,4,Yes,Fiber optic,106.59,413.84,No
CUST00105,Male,0,26,Yes,Fiber optic,98.84,2502.01,Yes
CUST00106,Female,0,3,No,Fiber optic,92.62,257.47,No
CUST00107,Male,0,16,No,DSL,51.46,764.41,No
CUST00108,Female,0,1,Yes,DSL,108.23,108.35,Yes
CUST00109,Female,0,20,Yes,Fiber optic,87.78,1565.96,No
CUST00110,Male,0,1,Yes,No,100.85,100.88,No
CUST00111,Male,1,31,No,No,47.71,1463.42,No
CUST00112,Male,0,2,No,Fiber optic,100.04,218.52,Yes
CUST00113,Female,0,12,Yes,Fiber optic,84.42,994.91,No
CUST00114,Male,1,40,Yes,No,59.48,2703.85,No
CUST00115,Female,0,39,No,DSL,47.48,1733.98,No
CUST00116,Female,1,45,No,DSL,57.23,2522.38,No
CUST00117,Male,1,15,No,Fiber optic,69.42,1115.01,No
CUST00118,Female,0,8,Yes,DSL,66.68,573.05,No
CUST00119,Male,1,12,No,DSL,35.33,542.16,Yes
CUST00120,Female,0,56,Yes,DSL,91.56,5621.02,No
CUST00121,Female,0,24,No,No,88.21,,No
CUST00122,Male,0,48,No,No,65.0,3474.89,No
CUST00123,Male,0,39,Yes,DSL,70.23,2612.34,No
CUST00124,Female,0,69,Yes,No,62.71,4984.22,No
CUST00125,Male,0,41,Yes,DSL,67.25,3131.78,No
CUST00126,Female,0,34,Yes,DSL,79.1,2902.7,No
CUST00127,Female,0,17,No,DSL,53.27,766.95,No
CUST00128,Male,0,0,No,No,98.37,,Yes
CUST00129,Female,0,22,Yes,Fiber optic,71.93,1708.21,No
CUST00130,Male,1,70,Yes,Fiber optic,94.29,7065.18,No
CUST00131,Female,1,44,No,No,53.63,2327.76,No
CUST00132,Female,1,61,Yes,DSL,30.4,2022.19,Yes
CUST00133,Female,0,7,No,DSL,99.31,727.39,No
CUST00134,Male,0,4,Yes,DSL,87.67,334.14,Yes
CUST00135,Male,0,38,Yes,DSL,33.4,1191.59,No
CUST00136,Female,0,0,No,DSL,108.61,,Yes
CUST00137,Female,0,55,No,Fiber optic,93.67,5624.29,No
CUST00138,Female,0,60,Yes,Fiber optic,82.18,5037.15,No
CUST00139,Male,0,0,No,DSL,103.44,,Yes
CUST00140,Male,1,22,No,Fiber optic,67.96,1709.61,No
CUST00141,Female,0,9,Yes,DSL,84.15,726.3,No
CUST00142,Male,1,5,Yes,DSL,64.07,279.52,No
CUST00143,Female,0,8,No,No,66.23,581.14,No
CUST00144,Male,0,2,Yes,Fiber optic,96.0,,Yes
CUST00145,Male,0,8,No,DSL,100.15,793.41,No
CUST00146,Female,0,23,Yes,No,27.9,567.67,No
CUST00147,Female,1,5,Yes,Fiber optic,68.46,356.91,Yes
CUST00148,Male,0,42,Yes,Fiber optic,99.9,4032.74,No
CUST00149,Male,0,15,Yes,DSL,65.27,1118.45,No
CUST00150,Male,0,50,Yes,DSL,30.94,1804.06,No
CUST00151,Female,1,12,Yes,No,62.36,743.93,No
CUST00152,Female,0,0,No,DSL,93.02,,Yes
CUST00153,Female,1,29,No,DSL,78.04,2146.98,No
CUST00154,Male,0,64,Yes,DSL,81.41,5440.5,No
CUST00155,Male,1,5,No,No,76.83,334.71,No
CUST00156,Male,1,30,No,DSL,47.98,1472.07,No
CUST00157,Male,1,1,Yes,No,76.68,74.86,Yes
CUST00158,Female,0,67,No,Fiber optic,44.13,3398.69,No
CUST00159,Male,1,40,No,No,71.62,2913.32,No
CUST00160,Female,0,39,Yes,Fiber optic,93.14,3574.35,No
CUST00161,Female,0,53,Yes,DSL,44.73,2847.49,No
CUST00162,Male,1,21,Yes,No,88.12,1707.66,No
CUST00163,Male,0,3,No,No,70.56,198.51,No
CUST00164,Male,0,11,Yes,DSL,60.37,636.65,No
CUST00165,Male,0,9,No,DSL,75.27,592.63,No
CUST00166,Male,0,5,No,Fiber optic,88.04,405.3,Yes
CUST00167,Male,0,29,No,Fiber optic,78.47,2164.56,Yes
CUST00168,Male,0,2,Yes,DSL,102.72,200.74,No
CUST00169,Female,1,18,Yes,No,34.67,446.85,No
CUST00170,Female,1,0,No,Fiber optic,102.66,,Yes
CUST00171,Female,1,0,No,Fiber optic,83.52,,Yes
CUST00172,Male,0,17,Yes,Fiber optic,93.89,1576.73,Yes
CUST00173,Female,0,65,Yes,Fiber optic,62.42,,No
CUST00174,Female,0,56,No,Fiber optic,22.29,1583.81,Yes
CUST00175,Female,0,21,No,Fiber optic,59.58,1359.85,Yes
CUST00176,Male,0,8,No,DSL,83.02,608.91,Yes
CUST00177,Female,0,1,Yes,Fiber optic,83.08,92.77,No
CUST00178,Male,1,18,Yes,Fiber optic,71.02,1268.21,Yes
CUST00179,Female,0,8,No,No,80.33,639.51,Yes
CUST00180,Male,0,11,No,No,92.79,1001.92,No
CUST00181,Female,0,25,No,Fiber optic,49.35,1266.26,No
CUST00182,Male,0,47,Yes,DSL,74.76,3631.5,No
CUST00183,Male,0,13,No,Fiber optic,46.68,677.59,No
CUST00184,Male,0,12,No,No,57.1,,No
CUST00185,Female,1,12,Yes,DSL,79.63,865.11,Yes
CUST00186,Male,0,58,Yes,No,60.41,3213.89,No
CUST00187,Male,0,3,No,Fiber optic,69.01,180.0,No
CUST00188,Male,0,5,No,DSL,80.74,368.06,Yes
CUST00189,Female,0,68,Yes,Fiber optic,99.78,7227.87,No
CUST00190,Female,0,5,Yes,DSL,61.28,278.05,No
CUST00191,Female,0,1,Yes,DSL,89.77,81.57,Yes
CUST00192,Male,0,2,Yes,No,82.12,173.55,Yes
CUST00193,Female,0,4,No,DSL,106.94,426.42,Yes
CUST00194,Female,0,1,No,DSL,107.59,103.39,Yes
CUST00195,Male,0,10,Yes,No,103.08,1118.08,No
CUST00196,Female,0,11,Yes,Fiber optic,96.94,1091.6,No
CUST00197,Female,0,35,Yes,DSL,68.27,2550.99,No
CUST00198,Female,0,62,Yes,DSL,89.54,5700.81,No
CUST00199,Female,0,2,Yes,DSL,64.73,143.5,No
CUST00200,Male,0,3,No,Fiber optic,81.97,256.22,No
CUST00201,Female,1,37,No,Fiber optic,77.18,2528.86,No
CUST00202,Male,0,48,Yes,DSL,32.46,1143.09,No
CUST00203,Female,0,7,Yes,Fiber optic,92.87,636.27,Yes
CUST00204,Male,1,0,Yes,Fiber optic,96.11,,No
CUST00205,Male,0,28,No,Fiber optic,30.77,637.69,No
CUST00206,Male,1,12,Yes,DSL,45.63,633.69,No
CUST00207,Female,0,22,Yes,No,38.05,643.39,No
CUST00208,Male,0,3,Yes,Fiber optic,80.98,246.65,Yes
CUST00209,Female,0,62,No,Fiber optic,48.26,2592.47,No
CUST00210,Female,0,66,No,DSL,62.61,4270.16,No
CUST00211,Male,0,2,Yes,No,96.72,187.33,No
CUST00212,Male,0,35,No,DSL,98.12,3172.31,No
CUST00213,Male,0,38,No,DSL,73.9,2505.16,No
CUST00214,Male,1,24,Yes,Fiber optic,29.06,925.33,Yes
CUST00215,Female,0,68,No,Fiber optic,41.07,2853.7,No
CUST00216,Female,0,32,No,Fiber optic,96.58,2957.04,No
CUST00217,Female,0,14,Yes,No,69.17,964.21,No
CUST00218,Female,0,64,No,Fiber optic,68.74,5017.59,No
CUST00219,Male,1,48,No,DSL,33.18,1634.59,Yes
CUST00220,Male,1,63,Yes,DSL,72.92,5218.26,No
CUST00221,Female,0,14,Yes,DSL,93.31,1334.74,No
CUST00222,Male,1,34,Yes,No,40.49,,No
CUST00223,Male,0,7,No,Fiber optic,66.15,434.51,Yes
CUST00224,Male,1,52,Yes,No,75.64,4150.22,No
CUST00225,Female,1,22,No,DSL,21.54,285.59,No
CUST00226,Female,0,18,No,No,75.85,1337.81,No
CUST00227,Female,0,3,Yes,DSL,61.92,168.63,No
CUST00228,Female,1,27,No,Fiber optic,33.95,1134.42,Yes
CUST00229,Male,0,29,No,Fiber optic,28.14,893.81,No
CUST00230,Female,0,48,No,DSL,20.21,1334.71,No
CUST00231,Male,1,52,Yes,Fiber optic,67.4,3540.76,Yes
CUST00232,Female,0,45,No,Fiber optic,59.46,2385.22,No
CUST00233,Male,0,23,No,DSL,65.6,1299.21,No
CUST00234,Male,0,59,No,No,44.63,2105.88,No
CUST00235,Female,0,5,No,DSL,71.01,395.76,Yes
CUST00236,Male,0,0,Yes,Fiber optic,63.05,,No
CUST00237,Female,0,12,Yes,No,56.21,746.66,No
CUST00238,Male,0,3,No,DSL,72.99,218.0,No
CUST00239,Male,0,48,Yes,DSL,26.4,1014.48,No
CUST00240,Female,1,6,Yes,No,108.65,667.51,Yes
CUST00241,Male,1,46,Yes,Fiber optic,65.45,3241.55,No
CUST00242,Female,0,40,Yes,Fiber optic,68.91,2795.15,Yes
CUST00243,Male,0,56,Yes,Fiber optic,56.96,2739.26,No
CUST00244,Female,1,4,No,DSL,84.22,336.31,Yes
CUST00245,Male,0,63,Yes,Fiber optic,99.14,6465.24,No
CUST00246,Male,1,59,No,DSL,91.19,5182.7,Yes
CUST00247,Female,0,7,Yes,Fiber optic,75.63,467.81,Yes
CUST00248,Female,0,0,Yes,Fiber optic,85.72,,Yes
CUST00249,Male,0,2,No,DSL,106.59,218.34,No
CUST00250,Male,0,59,No,DSL,21.41,1250.77,No
CUST00251,Female,1,61,No,Fiber optic,26.33,1431.45,No
CUST00252,Male,0,5,No,Fiber optic,82.56,458.48,No
CUST00253,Male,0,10,No,Fiber optic,96.16,1051.94,Yes
CUST00254,Female,0,18,Yes,DSL,22.33,360.55,No
CUST00255,Male,1,55,No,DSL,52.64,2863.29,No
CUST00256,Male,0,5,Yes,DSL,107.9,520.37,Yes
CUST00257,Male,0,6,No,DSL,90.22,,Yes
CUST00258,Male,0,66,No,DSL,22.96,,No
CUST00259,Female,0,10,Yes,DSL,64.77,744.3,No
CUST00260,Female,0,2,Yes,No,73.16,145.08,Yes
CUST00261,Male,0,0,Yes,Fiber optic,108.52,,Yes
CUST00262,Female,0,63,No,DSL,99.72,6327.24,No
CUST00263,Male,1,26,Yes,Fiber optic,61.53,1690.99,No
CUST00264,Female,0,12,No,Fiber optic,23.32,331.48,No
CUST00265,Female,0,70,No,No,22.14,1125.73,No
CUST00266,Female,1,38,No,Fiber optic,63.46,2264.09,No
CUST00267,Female,0,10,Yes,Fiber optic,62.24,560.38,Yes
CUST00268,Female,0,36,No,DSL,93.28,3594.29,No
CUST00269,Male,0,45,No,DSL,83.11,3933.38,No
CUST00270,Male,0,12,No,Fiber optic,91.52,1052.76,No
CUST00271,Female,0,23,No,Fiber optic,44.85,1201.83,No
CUST00272,Male,0,57,No,DSL,25.08,1991.47,No
CUST00273,Male,0,47,No,No,29.87,1626.63,No
CUST00274,Male,0,10,Yes,Fiber optic,68.73,667.29,No
CUST00275,Female,0,25,No,Fiber optic,26.81,457.04,No
CUST00276,Male,0,0,No,No,83.98,,Yes
CUST00277,Female,0,53,No,DSL,74.97,3771.71,No
CUST00278,Female,0,21,Yes,Fiber optic,45.23,,No
CUST00279,Male,0,7,No,No,100.04,750.0,Yes
CUST00280,Female,0,9,No,DSL,81.33,680.54,Yes
CUST00281,Male,0,64,Yes,Fiber optic,96.97,,No
CUST00282,Male,0,53,No,Fiber optic,97.1,5339.45,No
CUST00283,Female,0,9,No,DSL,101.88,867.44,Yes
CUST00284,Female,0,10,No,DSL,102.47,944.87,Yes
CUST00285,Male,0,55,Yes,DSL,22.2,1368.0,No
CUST00286,Male,0,23,Yes,No,89.06,2230.64,No
CUST00287,Male,0,22,No,DSL,36.63,945.51,No
CUST00288,Female,0,17,Yes,DSL,92.06,1578.81,No
CUST00289,Male,0,69,Yes,Fiber optic,39.63,2456.99,No
CUST00290,Female,0,27,No,DSL,35.67,694.22,No
CUST00291,Female,0,0,No,Fiber optic,102.95,,No
CUST00292,Male,0,69,No,DSL,60.87,4297.12,No
CUST00293,Male,0,59,Yes,No,62.17,3339.24,No
CUST00294,Male,0,8,No,Fiber optic,78.11,593.57,No
CUST00295,Male,0,2,Yes,Fiber optic,64.6,130.82,No
CUST00296,Male,0,62,No,DSL,82.34,4680.12,No
CUST00297,Male,0,60,Yes,DSL,51.03,3569.16,No
CUST00298,Female,0,72,No,DSL,77.86,5847.79,No
CUST00299,Male,0,51,No,No,94.56,5181.51,No
CUST00300,Female,0,21,No,DSL,68.71,1567.0,No
CUST00301,Female,1,2,Yes,Fiber optic,76.0,138.48,Yes
CUST00302,Male,0,1,Yes,DSL,96.29,95.15,Yes
CUST00303,Female,1,19,Yes,Fiber optic,85.99,1795.77,No
CUST00304,Female,0,72,Yes,Fiber optic,95.15,6375.58,No
CUST00305,Male,0,58,Yes,DSL,53.98,2692.6,No
CUST00306,Male,0,13,No,Fiber optic,93.16,1297.46,No
CUST00307,Female,1,4,No,DSL,101.06,380.62,Yes
CUST00308,Male,0,15,Yes,Fiber optic,32.12,602.62,No
CUST00309,Male,0,12,Yes,DSL,80.45,964.64,No
CUST00310,Male,0,53,Yes,DSL,76.98,3893.31,No
CUST00311,Male,1,3,Yes,DSL,103.99,336.34,Yes
CUST00312,Male,1,50,Yes,Fiber optic,94.87,5033.16,No
CUST00313,Male,0,7,Yes,DSL,94.53,669.78,Yes
CUST00314,Male,0,19,Yes,DSL,36.22,532.61,No
CUST00315,Male,0,52,No,DSL,21.18,1461.58,No
CUST00316,Male,0,57,No,DSL,81.59,4811.54,No
CUST00317,Female,0,2,Yes,DSL,100.78,215.66,No
CUST00318,Male,0,48,Yes,Fiber optic,68.46,3304.27,No
CUST00319,Male,0,39,Yes,Fiber optic,50.29,1777.29,No
CUST00320,Male,0,4,No,DSL,101.91,428.82,No
CUST00321,Male,0,0,No,DSL,97.32,,No
CUST00322,Female,0,3,Yes,DSL,83.71,236.89,No
CUST00323,Male,0,30,No,DSL,22.15,712.01,No
CUST00324,Female,0,1,Yes,No,92.2,100.5,Yes
CUST00325,Female,0,27,No,Fiber optic,70.33,1679.54,No
CUST00326,Female,0,64,Yes,DSL,91.91,6508.01,No
CUST00327,Male,1,54,No,Fiber optic,62.61,3460.98,Yes
CUST00328,Female,0,9,No,Fiber optic,102.68,875.07,Yes
CUST00329,Female,1,43,Yes,Fiber optic,34.07,1397.02,No
CUST00330,Male,0,11,Yes,DSL,109.79,1152.95,Yes
CUST00331,Male,0,11,Yes,No,94.38,1132.88,No
CUST00332,Male,0,11,Yes,No,78.76,819.37,No
CUST00333,Female,0,71,No,No,37.39,2636.43,No
CUST00334,Female,0,70,No,Fiber optic,85.57,5664.98,No
CUST00335,Male,1,64,Yes,Fiber optic,32.93,2470.6,Yes
CUST00336,Female,1,28,No,Fiber optic,86.23,2256.38,Yes
CUST00337,Male,0,45,No,Fiber optic,26.63,1387.96,No
CUST00338,Male,1,31,No,No,40.32,1296.53,Yes
CUST00339,Male,1,10,Yes,Fiber optic,86.26,950.64,Yes
CUST00340,Female,0,9,Yes,DSL,84.01,770.97,Yes
CUST00341,Male,0,59,Yes,DSL,44.41,2743.78,No
CUST00342,Female,0,38,No,Fiber optic,87.3,3482.37,Yes
CUST00343,Female,0,3,No,Fiber optic,73.81,210.25,Yes
CUST00344,Female,0,53,No,DSL,86.9,4648.55,No
CUST00345,Female,0,19,Yes,No,57.07,1197.6,No
CUST00346,Male,0,25,Yes,No,49.19,1400.74,No
CUST00347,Female,0,55,No,DSL,66.27,3224.51,No
CUST00348,Male,0,45,No,Fiber optic,58.6,2649.15,No
CUST00349,Male,0,1,No,Fiber optic,103.38,97.15,No
CUST00350,Male,0,4,Yes,No,66.79,305.45,No
CUST00351,Male,0,70,Yes,DSL,56.5,3821.4,No
CUST00352,Female,0,25,No,DSL,50.64,1316.09,No
CUST00353,Male,0,69,Yes,Fiber optic,58.39,3398.43,Yes
CUST00354,Female,1,66,No,DSL,20.77,1206.15,Yes
CUST00355,Female,0,34,No,Fiber optic,67.15,2161.04,No
CUST00356,Male,0,53,Yes,DSL,88.9,4562.64,No
CUST00357,Male,1,33,No,DSL,50.22,1951.09,Yes
CUST00358,Male,1,67,No,Fiber optic,59.31,3311.22,Yes
CUST00359,Female,1,55,No,DSL,73.97,4244.26,No
CUST00360,Female,0,32,Yes,DSL,98.34,,No
CUST00361,Female,1,43,Yes,DSL,54.15,2148.64,No
CUST00362,Male,0,1,Yes,Fiber optic,84.65,77.59,Yes
CUST00363,Male,0,10,No,DSL,79.82,830.77,No
CUST00364,Male,0,6,No,Fiber optic,63.95,376.98,No
CUST00365,Female,0,0,No,Fiber optic,81.45,,No
CUST00366,Female,0,14,No,DSL,60.99,925.08,No
CUST00367,Female,1,51,No,Fiber optic,60.06,3335.9,No
CUST00368,Female,0,48,No,DSL,25.91,1674.15,No
CUST00369,Female,0,59,Yes,Fiber optic,57.52,,No
CUST00370,Male,1,41,Yes,No,61.54,,Yes
CUST00371,Female,0,44,No,No,98.45,4477.15,No
CUST00372,Female,0,11,Yes,DSL,106.69,1252.05,Yes
CUST00373,Female,1,28,Yes,No,37.74,1005.16,Yes
CUST00374,Male,0,12,Yes,DSL,26.69,305.05,No
CUST00375,Female,1,48,Yes,No,79.55,4096.42,No
CUST00376,Female,0,10,No,Fiber optic,109.99,1168.46,Yes
CUST00377,Male,0,6,Yes,DSL,73.53,419.81,Yes
CUST00378,Male,0,10,Yes,Fiber optic,97.35,888.06,Yes
CUST00379,Female,0,55,Yes,Fiber optic,68.9,3753.07,No
CUST00380,Female,1,48,No,Fiber optic,56.48,2307.03,Yes
CUST00381,Male,0,1,No,Fiber optic,96.84,104.87,Yes
CUST00382,Female,0,14,No,DSL,38.14,661.13,No
CUST00383,Female,0,19,No,Fiber optic,23.26,288.01,No
CUST00384,Male,0,12,Yes,DSL,76.43,855.69,No
CUST00385,Female,0,8,No,Fiber optic,76.74,588.04,No
CUST00386,Male,1,4,No,DSL,90.59,372.28,Yes
CUST00387,Male,1,49,No,DSL,66.64,,No
CUST00388,Male,0,36,No,DSL,71.43,2302.63,No
CUST00389,Female,0,60,No,DSL,92.97,,No
CUST00390,Male,1,48,Yes,DSL,64.55,,No
CUST00391,Female,0,45,No,Fiber optic,55.46,2817.88,No
CUST00392,Male,0,39,Yes,Fiber optic,93.52,3496.08,Yes
CUST00393,Male,0,9,Yes,DSL,74.76,616.27,No
CUST00394,Female,1,7,No,No,100.31,747.66,Yes
CUST00395,Male,0,0,No,Fiber optic,86.56,,No
CUST00396,Female,0,13,Yes,Fiber optic,80.64,972.28,No
CUST00397,Male,0,48,Yes,DSL,64.52,3362.03,No
CUST00398,Male,1,11,Yes,Fiber optic,76.45,747.7,Yes
CUST00399,Female,0,34,No,DSL,73.63,2541.27,No
CUST00400,Male,1,5,No,DSL,105.85,484.16,No
CUST00401,Female,0,43,No,DSL,54.53,2569.14,No
CUST00402,Male,0,4,No,DSL,108.52,437.86,No
CUST00403,Male,0,18,No,Fiber optic,27.78,439.07,No
CUST00404,Male,0,15,Yes,Fiber optic,82.8,1113.74,No
CUST00405,Female,0,48,Yes,DSL,70.35,3706.5,No
CUST00406,Male,0,5,No,No,60.94,262.89,No
CUST00407,Female,1,29,Yes,Fiber optic,52.53,1499.54,Yes
CUST00408,Female,0,52,Yes,Fiber optic,60.89,3127.4,Yes
CUST00409,Female,0,32,Yes,Fiber optic,55.75,1560.99,No
CUST00410,Female,0,6,No,DSL,82.15,519.51,Yes
CUST00411,Female,1,57,Yes,DSL,71.22,3542.59,No
CUST00412,Male,0,19,No,Fiber optic,59.01,1169.62,No
CUST00413,Female,0,6,Yes,Fiber optic,106.98,615.58,Yes
CUST00414,Male,0,47,No,No,27.06,855.27,No
CUST00415,Female,0,8,Yes,DSL,66.28,,No
CUST00416,Female,1,10,No,No,78.7,740.49,No
CUST00417,Female,0,60,No,DSL,37.12,2679.57,No
CUST00418,Female,1,71,Yes,Fiber optic,93.49,,Yes
CUST00419,Male,0,49,No,Fiber optic,83.97,4083.69,Yes
CUST00420,Male,0,45,Yes,No,63.63,2810.67,No
CUST00421,Male,0,6,No,DSL,100.86,587.11,Yes
CUST00422,Male,0,28,Yes,Fiber optic,63.34,1750.22,No
CUST00423,Male,0,41,Yes,DSL,24.39,628.51,No
CUST00424,Male,0,64,No,No,78.8,4941.5,No
CUST00425,Male,1,15,No,DSL,86.84,1324.6,No
CUST00426,Female,0,42,Yes,No,36.02,1732.46,No
CUST00427,Female,1,1,No,DSL,95.64,94.91,Yes
CUST00428,Male,0,9,Yes,DSL,60.63,605.55,No
CUST00429,Male,0,38,Yes,Fiber optic,22.49,987.76,Yes
CUST00430,Male,1,11,Yes,No,62.53,596.42,No
CUST00431,Male,0,6,Yes,Fiber optic,101.56,630.03,Yes
CUST00432,Male,0,69,No,DSL,61.23,4174.42,No
CUST00433,Male,1,6,No,DSL,66.34,354.14,No
CUST00434,Female,1,5,Yes,Fiber optic,81.37,381.24,No
CUST00435,Male,0,40,Yes,DSL,31.59,1484.59,No
CUST00436,Male,0,0,No,Fiber optic,82.0,,Yes
CUST00437,Male,0,69,Yes,Fiber optic,56.36,3929.82,No
CUST00438,Female,1,71,No,Fiber optic,52.54,4078.59,No
CUST00439,Male,0,37,No,DSL,31.46,1339.69,No
CUST00440,Male,0,58,No,Fiber optic,72.15,4176.62,No
CUST00441,Female,0,9,No,Fiber optic,61.14,578.19,Yes
CUST00442,Male,0,28,Yes,DSL,95.87,2707.98,No
CUST00443,Male,0,6,No,DSL,104.71,,Yes
CUST00444,Male,0,58,No,Fiber optic,90.22,5294.36,No
CUST00445,Male,1,4,No,Fiber optic,72.04,327.98,No
CUST00446,Male,0,5,No,Fiber optic,68.71,382.95,No
CUST00447,Female,0,61,Yes,Fiber optic,61.66,3983.09,No
CUST00448,Female,1,45,Yes,DSL,34.75,1755.78,No
CUST00449,Male,1,31,No,DSL,84.2,2440.84,No
CUST00450,Male,0,68,Yes,Fiber optic,21.14,1220.14,No
CUST00451,Male,1,11,No,No,62.95,735.73,No
CUST00452,Male,0,61,Yes,Fiber optic,39.1,2876.2,No
CUST00453,Male,0,2,No,DSL,100.75,210.07,Yes
CUST00454,Female,1,5,No,DSL,62.52,,No
CUST00455,Female,0,13,Yes,Fiber optic,54.81,793.45,No
CUST00456,Female,0,18,No,DSL,31.16,576.48,No
CUST00457,Male,0,4,Yes,DSL,88.66,321.52,No
CUST00458,Female,0,6,Yes,DSL,63.44,429.15,No
CUST00459,Male,0,11,Yes,DSL,106.2,1180.38,Yes
CUST00460,Male,0,6,No,No,85.28,524.89,Yes
CUST00461,Female,0,55,No,No,47.92,2243.46,No
CUST00462,Female,1,27,No,DSL,39.58,,Yes
CUST00463,Male,0,1,Yes,DSL,89.51,97.47,Yes
CUST00464,Female,1,44,Yes,Fiber optic,43.85,2298.66,No
CUST00465,Female,0,6,Yes,DSL,74.76,416.21,No
CUST00466,Female,0,10,No,No,60.61,559.72,No
CUST00467,Female,0,65,Yes,No,89.5,5297.87,No
CUST00468,Female,0,8,Yes,Fiber optic,63.95,510.65,No
CUST00469,Male,0,12,Yes,DSL,70.06,797.19,No
CUST00470,Female,0,27,Yes,DSL,61.17,1762.55,No
CUST00471,Male,0,38,No,Fiber optic,28.09,1302.08,Yes
CUST00472,Male,0,2,No,DSL,73.15,132.37,Yes
CUST00473,Male,0,29,No,DSL,91.23,2654.91,No
CUST00474,Female,0,2,Yes,Fiber optic,83.91,163.35,No
CUST00475,Female,0,47,Yes,No,27.14,1250.9,No
CUST00476,Female,0,10,No,DSL,91.27,963.75,Yes
CUST00477,Male,0,55,Yes,DSL,27.14,1494.79,No
CUST00478,Male,0,8,Yes,No,61.11,469.77,No
CUST00479,Male,0,4,Yes,Fiber optic,97.05,356.88,No
CUST00480,Female,0,28,Yes,Fiber optic,56.34,1698.56,No
CUST00481,Female,1,55,No,No,93.22,5222.52,Yes
CUST00482,Male,1,44,No,Fiber optic,89.28,3847.42,Yes
CUST00483,Female,0,38,No,DSL,46.77,2130.95,No
CUST00484,Male,0,56,Yes,No,48.17,2610.04,No
CUST00485,Female,0,27,Yes,DSL,94.1,2809.97,No
CUST00486,Male,0,10,Yes,Fiber optic,87.4,827.33,No
CUST00487,Female,1,6,No,Fiber optic,66.23,372.17,No
CUST00488,Male,0,17,Yes,Fiber optic,75.68,1440.97,No
CUST00489,Female,0,40,Yes,Fiber optic,59.08,2379.17,No
CUST00490,Male,0,11,Yes,DSL,99.92,1025.03,No
CUST00491,Male,0,44,Yes,Fiber optic,44.33,1571.09,No
CUST00492,Female,0,4,No,Fiber optic,73.64,257.37,Yes
CUST00493,Female,0,5,No,DSL,79.28,383.1,Yes
CUST00494,Male,0,32,Yes,DSL,30.25,959.98,No
CUST00495,Female,0,0,No,DSL,87.55,,No
CUST00496,Female,0,1,No,DSL,82.88,75.66,Yes
CUST00497,Female,0,7,Yes,DSL,107.95,808.78,Yes
CUST00498,Female,1,33,Yes,Fiber optic,61.59,,Yes
CUST00499,Male,0,15,Yes,Fiber optic,62.89,843.51,No
CUST00500,Female,0,25,Yes,No,22.69,370.24,No
CUST00501,Male,0,5,No,DSL,94.01,470.99,Yes
CUST00502,Female,0,1,Yes,Fiber optic,100.47,91.48,No
CUST00503,Male,0,1,No,DSL,97.82,91.1,Yes
CUST00504,Female,0,11,No,Fiber optic,108.88,1173.73,No
CUST00505,Male,0,58,No,No,92.73,5851.55,No
CUST00506,Male,0,61,No,Fiber optic,35.64,1990.3,Yes
CUST00507,Male,0,12,Yes,DSL,80.13,1013.32,No
CUST00508,Male,0,57,No,Fiber optic,65.94,4269.1,Yes
CUST00509,Male,0,12,Yes,DSL,92.48,1147.2,No
CUST00510,Female,0,47,Yes,Fiber optic,59.99,3118.56,Yes
CUST00511,Male,0,3,Yes,Fiber optic,70.46,220.76,Yes
CUST00512,Male,0,12,Yes,DSL,59.77,673.06,No
CUST00513,Female,0,66,Yes,DSL,58.6,3391.53,No
CUST00514,Female,0,62,Yes,No,66.11,4374.94,No
CUST00515,Female,0,39,No,Fiber optic,48.42,1563.9,Yes
CUST00516,Female,0,0,No,DSL,79.39,,No
CUST00517,Female,0,24,Yes,No,76.07,1787.3,No
CUST00518,Male,1,12,Yes,Fiber optic,82.98,1066.35,Yes
CUST00519,Female,0,52,No,DSL,58.85,3085.61,No
CUST00520,Male,0,57,No,Fiber optic,91.31,5036.54,No
CUST00521,Male,0,10,Yes,DSL,105.84,983.55,Yes
CUST00522,Female,0,8,Yes,DSL,95.46,767.45,Yes
CUST00523,Male,0,55,Yes,Fiber optic,68.82,3354.01,Yes
CUST00524,Male,0,12,No,No,85.28,1115.58,No
CUST00525,Male,0,32,Yes,DSL,34.08,1059.33,No
CUST00526,Male,0,5,Yes,DSL,100.81,459.77,Yes
CUST00527,Male,0,54,Yes,DSL,39.29,2579.0,No
CUST00528,Female,0,67,Yes,DSL,79.73,5173.17,No
CUST00529,Male,1,34,No,Fiber optic,72.02,2388.58,Yes
CUST00530,Female,0,46,Yes,Fiber optic,55.07,2784.54,No
CUST00531,Male,0,12,Yes,DSL,28.57,290.42,No
CUST00532,Female,0,69,No,Fiber optic,47.75,3056.4,No
CUST00533,Male,1,46,No,DSL,44.84,2381.96,No
CUST00534,Female,1,12,Yes,No,78.58,1005.51,No
CUST00535,Male,0,29,No,Fiber optic,46.28,1492.7,Yes
CUST00536,Female,0,61,Yes,DSL,69.63,4613.9,No
CUST00537,Male,0,11,Yes,Fiber optic,86.18,1020.61,No
CUST00538,Male,0,12,Yes,Fiber optic,86.85,1060.23,No
CUST00539,Male,1,8,No,DSL,74.65,667.77,Yes
CUST00540,Female,0,44,Yes,No,65.93,3022.37,No
CUST00541,Female,1,3,Yes,No,75.76,,Yes
CUST00542,Male,0,65,Yes,No,75.1,4987.98,No
CUST00543,Male,1,10,No,DSL,63.29,577.68,No
CUST00544,Male,0,28,No,DSL,55.93,1447.89,No
CUST00545,Female,0,68,No,Fiber optic,87.68,,No
CUST00546,Male,0,38,No,DSL,59.14,1963.96,No
CUST00547,Male,0,58,Yes,Fiber optic,65.34,3554.0,No
CUST00548,Male,1,38,No,DSL,56.94,,No
CUST00549,Female,1,1,Yes,Fiber optic,78.53,76.98,No
CUST00550,Female,0,62,No,DSL,78.46,4634.66,No
CUST00551,Male,0,50,No,No,93.97,4720.52,No
CUST00552,Male,0,2,Yes,Fiber optic,90.57,184.71,No
CUST00553,Male,0,64,No,DSL,61.47,3892.15,No
CUST00554,Female,1,60,No,DSL,33.15,2478.27,No
CUST00555,Male,1,2,Yes,Fiber optic,101.5,185.11,Yes
CUST00556,Male,0,51,Yes,Fiber optic,58.6,2818.03,No
CUST00557,Male,0,49,No,DSL,70.23,3121.03,No
CUST00558,Male,0,34,Yes,DSL,34.07,981.33,No
CUST00559,Male,0,16,No,DSL,79.4,1372.64,No
CUST00560,Male,0,27,Yes,No,81.28,,No
CUST00561,Male,0,0,Yes,Fiber optic,101.45,,Yes
CUST00562,Male,0,17,No,DSL,51.91,876.16,No
CUST00563,Male,0,47,No,No,99.06,4607.18,No
CUST00564,Male,0,60,Yes,No,20.08,1776.39,No
CUST00565,Female,0,60,Yes,DSL,47.18,2456.38,No
CUST00566,Male,0,18,Yes,Fiber optic,61.48,1197.39,No
CUST00567,Female,1,52,Yes,Fiber optic,49.15,2408.11,Yes
CUST00568,Female,0,6,No,Fiber optic,106.76,594.95,Yes
CUST00569,Male,0,5,Yes,DSL,105.84,533.14,Yes
CUST00570,Female,0,5,Yes,DSL,97.37,515.15,Yes
CUST00571,Male,0,11,Yes,Fiber optic,65.28,,No
CUST00572,Male,0,10,Yes,No,89.6,984.45,No
CUST00573,Female,1,2,No,Fiber optic,60.3,140.56,Yes
CUST00574,Male,1,45,No,DSL,93.43,4175.19,No
CUST00575,Male,0,47,Yes,No,74.15,3478.13,No
CUST00576,Male,0,5,No,DSL,95.12,,No
CUST00577,Male,1,65,Yes,Fiber optic,44.16,3402.83,No
CUST00578,Male,0,40,Yes,Fiber optic,39.49,1242.87,No
CUST00579,Female,0,10,No,Fiber optic,75.85,846.45,No
CUST00580,Male,0,66,No,Fiber optic,74.21,5192.43,No
CUST00581,Male,0,25,Yes,DSL,54.38,1293.12,No
CUST00582,Male,0,5,No,Fiber optic,86.01,438.28,Yes
CUST00583,Female,0,43,Yes,DSL,36.43,1196.54,No
CUST00584,Male,0,46,No,Fiber optic,60.86,2799.81,No
CUST00585,Female,0,7,Yes,DSL,94.27,701.79,No
CUST00586,Female,0,11,No,Fiber optic,99.88,1191.19,Yes
CUST00587,Male,0,47,Yes,No,80.59,3390.32,No
CUST00588,Male,0,31,No,Fiber optic,91.58,2715.67,No
CUST00589,Female,0,63,No,Fiber optic,89.23,,Yes
CUST00590,Male,1,12,Yes,DSL,37.81,457.83,No
CUST00591,Male,0,18,No,Fiber optic,88.66,1494.46,No
CUST00592,Female,0,68,No,Fiber optic,74.79,5321.67,Yes
CUST00593,Female,0,65,Yes,Fiber optic,96.56,5788.04,Yes
CUST00594,Female,0,4,Yes,Fiber optic,107.68,458.98,Yes
CUST00595,Female,0,10,Yes,DSL,98.65,959.85,No
CUST00596,Female,1,62,Yes,DSL,43.67,2846.06,No
CUST00597,Female,0,36,No,Fiber optic,58.52,1767.8,Yes
CUST00598,Male,1,63,Yes,Fiber optic,70.01,4097.75,Yes
CUST00599,Male,0,25,Yes,Fiber optic,48.0,1298.71,No
CUST00600,Male,0,44,Yes,Fiber optic,49.28,1970.83,No
CUST00601,Female,0,2,No,Fiber optic,74.93,,No
CUST00602,Male,0,42,Yes,Fiber optic,56.44,2377.39,No
CUST00603,Female,0,12,No,Fiber optic,36.48,536.99,No
CUST00604,Male,0,37,Yes,DSL,63.35,2077.06,No
CUST00605,Male,1,57,Yes,No,43.98,2276.15,No
CUST00606,Male,0,51,Yes,Fiber optic,38.78,2125.65,No
CUST00607,Female,0,58,No,Fiber optic,72.84,4587.69,No
CUST00608,Female,0,9,No,No,96.18,853.95,Yes
CUST00609,Female,1,64,Yes,Fiber optic,49.31,2597.93,Yes
CUST00610,Male,1,45,No,DSL,72.43,3665.44,No
CUST00611,Male,0,27,Yes,Fiber optic,81.21,2045.7,No
CUST00612,Male,1,1,Yes,Fiber optic,85.37,94.44,Yes
CUST00613,Female,0,60,Yes,DSL,97.19,5253.05,No
CUST00614,Male,0,0,No,DSL,105.08,,Yes
CUST00615,Female,0,62,Yes,Fiber optic,45.82,2365.29,Yes
CUST00616,Female,0,49,Yes,Fiber optic,20.54,1179.61,No
CUST00617,Male,0,49,No,Fiber optic,38.6,1662.56,No
CUST00618,Female,0,25,No,No,34.92,988.39,No
CUST00619,Female,0,29,No,DSL,83.2,2564.67,No
CUST00620,Male,0,39,Yes,No,89.09,3467.59,No
CUST00621,Male,1,1,Yes,Fiber optic,108.77,113.49,No
CUST00622,Male,0,3,Yes,Fiber optic,83.82,262.34,Yes
CUST00623,Male,1,2,Yes,Fiber optic,69.61,135.65,No
CUST00624,Male,0,20,Yes,Fiber optic,94.82,1893.83,No
CUST00625,Male,1,71,No,Fiber optic,20.08,2017.51,Yes
CUST00626,Female,0,59,Yes,Fiber optic,80.16,,Yes
CUST00627,Male,0,2,No,DSL,107.41,204.71,No
CUST00628,Female,0,19,No,DSL,95.87,1976.66,No
CUST00629,Female,0,18,Yes,DSL,93.88,1755.42,No
CUST00630,Male,0,4,No,No,86.0,334.53,No
CUST00631,Male,0,67,Yes,No,46.59,2620.48,No
CUST00632,Male,1,34,Yes,DSL,43.5,1681.56,Yes
CUST00633,Male,0,36,No,DSL,20.38,885.47,No
CUST00634,Female,0,7,No,Fiber optic,96.57,722.94,Yes
CUST00635,Female,1,45,Yes,No,53.14,2059.47,No
CUST00636,Male,1,44,Yes,DSL,50.28,2156.63,No
CUST00637,Male,0,23,Yes,No,75.5,1763.91,No
CUST00638,Male,0,38,No,DSL,35.52,1619.63,No
CUST00639,Male,0,4,No,DSL,73.95,296.35,No
CUST00640,Male,1,64,No,DSL,35.79,2206.29,No
CUST00641,Female,0,3,No,Fiber optic,70.58,234.62,No
CUST00642,Male,1,6,Yes,Fiber optic,97.2,600.66,Yes
CUST00643,Female,0,58,Yes,Fiber optic,76.74,3966.56,Yes
CUST00644,Male,1,1,Yes,Fiber optic,65.75,72.54,No
CUST00645,Male,1,22,No,DSL,38.21,981.77,No
CUST00646,Male,0,5,No,Fiber optic,69.41,381.2,No
CUST00647,Female,1,72,Yes,Fiber optic,56.3,3404.92,Yes
CUST00648,Female,0,61,No,No,70.59,4911.25,No
CUST00649,Female,0,40,Yes,Fiber optic,27.87,1252.6,No
CUST00650,Female,0,17,No,DSL,65.25,1021.94,No
CUST00651,Male,0,8,No,No,77.56,,Yes
CUST00652,Male,0,0,No,No,93.84,,No
CUST00653,Male,1,12,No,Fiber optic,95.05,1079.74,No
CUST00654,Male,0,1,Yes,DSL,104.8,111.26,Yes
CUST00655,Male,0,43,Yes,DSL,51.17,2414.27,No
CUST00656,Female,0,54,No,No,68.58,3390.21,No
CUST00657,Female,0,58,No,Fiber optic,47.73,3171.65,No
CUST00658,Male,0,15,No,DSL,23.5,380.87,No
CUST00659,Male,0,29,No,Fiber optic,79.78,2403.85,No
CUST00660,Male,1,68,Yes,DSL,81.14,5063.6,No
CUST00661,Female,0,64,No,Fiber optic,63.04,4226.35,No
CUST00662,Male,0,21,Yes,Fiber optic,62.57,1162.88,Yes
CUST00663,Male,0,23,No,DSL,71.15,1756.95,No
CUST00664,Male,0,57,Yes,No,39.13,2451.84,No
CUST00665,Female,0,43,No,DSL,39.36,1940.04,No
CUST00666,Female,0,29,Yes,DSL,47.26,1109.99,No
CUST00667,Female,0,2,No,No,67.6,142.08,No
CUST00668,Female,0,67,Yes,No,81.38,5039.83,No
CUST00669,Female,0,24,No,Fiber optic,99.45,2419.04,No
CUST00670,Male,0,7,No,DSL,60.46,445.48,No
CUST00671,Male,1,52,Yes,No,73.2,3965.54,Yes
CUST00672,Male,0,26,Yes,DSL,34.36,856.87,No
CUST00673,Male,0,22,No,DSL,79.3,1560.1,No
CUST00674,Male,0,25,No,DSL,34.6,1093.51,No
CUST00675,Male,0,57,No,Fiber optic,60.88,2965.06,No
CUST00676,Male,0,3,Yes,No,93.63,309.87,No
CUST00677,Male,0,1,Yes,DSL,86.57,91.32,Yes
CUST00678,Female,1,14,No,DSL,46.0,557.89,No
CUST00679,Male,0,4,No,DSL,64.2,219.58,No
CUST00680,Female,1,59,No,Fiber optic,84.88,5465.25,No
CUST00681,Female,0,10,Yes,DSL,79.78,835.1,Yes
CUST00682,Male,0,9,Yes,DSL,93.27,823.85,No
CUST00683,Female,0,65,No,Fiber optic,67.24,3847.48,Yes
CUST00684,Female,0,69,No,Fiber optic,58.37,3527.64,No
CUST00685,Male,1,64,Yes,No,22.31,1962.84,No
CUST00686,Male,0,16,Yes,No,77.36,1199.32,No
CUST00687,Male,0,12,Yes,Fiber optic,81.16,959.49,Yes
CUST00688,Male,0,57,No,No,82.31,4741.34,No
CUST00689,Female,0,8,Yes,DSL,102.77,767.05,Yes
CUST00690,Male,1,1,No,Fiber optic,63.27,70.03,Yes
CUST00691,Male,0,2,Yes,No,73.64,133.73,Yes
CUST00692,Female,1,1,No,Fiber optic,90.72,84.79,Yes
CUST00693,Male,0,6,Yes,DSL,97.36,616.75,No
CUST00694,Female,0,31,Yes,DSL,86.62,2495.34,No
CUST00695,Male,0,72,No,No,33.12,2536.97,No
CUST00696,Male,0,12,Yes,Fiber optic,61.19,660.24,Yes
CUST00697,Female,0,45,No,No,70.48,2746.27,No
CUST00698,Female,0,30,Yes,Fiber optic,42.17,1051.23,No
CUST00699,Female,0,24,Yes,DSL,77.63,1911.82,No
CUST00700,Female,0,18,No,Fiber optic,24.49,288.34,No
CUST00701,Male,0,4,No,DSL,106.99,451.94,Yes
CUST00702,Male,1,30,Yes,DSL,20.6,843.57,Yes
CUST00703,Male,0,33,Yes,Fiber optic,56.24,2054.04,No
CUST00704,Male,0,39,Yes,No,68.13,2346.53,No
CUST00705,Female,0,47,No,DSL,74.21,3025.27,No
CUST00706,Female,0,48,Yes,Fiber optic,86.38,4349.91,No
CUST00707,Male,0,35,No,Fiber optic,64.14,2045.74,No
CUST00708,Female,0,2,No,Fiber optic,66.11,127.03,No
CUST00709,Male,0,64,Yes,Fiber optic,63.9,4263.61,No
CUST00710,Male,0,5,No,DSL,103.51,542.22,Yes
CUST00711,Female,0,2,Yes,Fiber optic,94.41,199.02,No
CUST00712,Male,0,3,Yes,Fiber optic,78.85,208.98,Yes
CUST00713,Female,1,37,No,Fiber optic,85.79,2865.34,Yes
CUST00714,Female,0,9,No,Fiber optic,79.01,780.89,No
CUST00715,Male,0,31,Yes,Fiber optic,28.93,1025.35,No
CUST00716,Female,0,51,No,Fiber optic,32.45,2021.55,Yes
CUST00717,Female,1,47,Yes,Fiber optic,86.64,3812.28,No
CUST00718,Male,1,61,Yes,Fiber optic,89.45,5212.37,No
CUST00719,Female,1,5,Yes,No,99.85,462.78,No
CUST00720,Male,0,27,Yes,DSL,32.78,821.55,No
CUST00721,Male,0,2,Yes,Fiber optic,79.69,141.72,No
CUST00722,Female,0,68,No,Fiber optic,64.86,4256.41,No
CUST00723,Male,0,27,Yes,DSL,28.74,861.08,No
CUST00724,Male,0,72,No,DSL,53.98,3297.92,No
CUST00725,Female,0,0,No,DSL,92.27,,Yes
CUST00726,Male,0,65,No,DSL,53.66,3926.14,No
CUST00727,Male,0,23,No,DSL,53.96,1343.3,No
CUST00728,Male,1,46,No,Fiber optic,78.38,3405.43,No
CUST00729,Male,0,13,Yes,Fiber optic,76.11,1015.96,No
CUST00730,Female,0,12,Yes,Fiber optic,85.41,1115.87,Yes
CUST00731,Male,0,63,Yes,Fiber optic,81.02,4982.56,No
CUST00732,Male,0,29,No,No,24.56,793.39,No
CUST00733,Female,0,71,Yes,DSL,29.64,1931.45,No
CUST00734,Male,0,7,Yes,Fiber optic,62.66,477.77,No
CUST00735,Female,1,34,No,DSL,65.41,2105.28,No
CUST00736,Female,0,0,Yes,No,82.38,,Yes
CUST00737,Female,0,67,Yes,No,53.8,,No
CUST00738,Male,0,55,Yes,DSL,91.76,5179.69,No
CUST00739,Female,1,47,No,Fiber optic,70.98,2899.3,Yes
CUST00740,Female,1,52,Yes,Fiber optic,67.5,3532.31,No
CUST00741,Male,1,7,No,Fiber optic,109.25,702.47,Yes
CUST00742,Male,0,72,Yes,DSL,50.66,4261.01,No
CUST00743,Female,1,20,Yes,DSL,78.75,1543.02,No
CUST00744,Male,0,10,Yes,No,67.16,613.72,No
CUST00745,Female,0,30,No,DSL,96.58,3041.87,No
CUST00746,Male,0,49,No,DSL,93.77,4609.91,No
CUST00747,Male,1,56,No,DSL,67.87,3263.58,No
CUST00748,Male,1,42,Yes,Fiber optic,20.32,,No
CUST00749,Female,0,6,No,Fiber optic,73.77,496.04,No
CUST00750,Female,1,61,No,DSL,25.59,1283.8,No
CUST00751,Male,1,5,Yes,No,78.31,374.38,Yes
CUST00752,Female,0,45,Yes,DSL,35.13,1353.76,No
CUST00753,Male,0,0,Yes,No,68.96,,No
CUST00754,Male,0,5,No,DSL,62.97,360.49,No
CUST00755,Male,0,9,No,DSL,79.19,717.83,No
CUST00756,Male,1,52,Yes,DSL,45.41,2277.1,Yes
CUST00757,Female,0,66,Yes,Fiber optic,68.18,4162.82,No
CUST00758,Female,0,33,No,Fiber optic,96.89,3459.25,No
CUST00759,Female,0,58,Yes,No,21.23,,No
CUST00760,Female,0,46,Yes,DSL,33.21,1375.94,No
CUST00761,Male,0,45,No,Fiber optic,69.24,3204.55,No
CUST00762,Female,0,9,No,DSL,66.06,628.09,No
CUST00763,Male,0,31,Yes,DSL,69.02,2106.86,No
CUST00764,Male,0,9,No,No,63.63,616.91,No
CUST00765,Female,0,30,No,Fiber optic,68.47,2268.66,No
CUST00766,Female,1,72,Yes,No,60.3,4406.44,No
CUST00767,Male,0,63,Yes,DSL,76.96,4888.18,No
CUST00768,Male,0,66,No,Fiber optic,50.77,2828.73,No
CUST00769,Male,0,48,Yes,DSL,64.23,3248.06,No
CUST00770,Male,1,11,No,Fiber optic,75.38,889.81,No
CUST00771,Male,0,71,No,No,97.27,7468.7,No
CUST00772,Male,0,35,Yes,No,44.44,1693.75,No
CUST00773,Female,1,21,Yes,Fiber optic,93.67,2073.07,No
CUST00774,Male,1,54,Yes,No,84.22,5070.5,No
CUST00775,Female,1,2,Yes,Fiber optic,73.98,166.95,No
CUST00776,Male,0,42,No,Fiber optic,98.87,4044.47,Yes
CUST00777,Female,1,10,Yes,DSL,94.78,1029.44,Yes
CUST00778,Female,1,23,Yes,Fiber optic,59.9,1222.63,No
CUST00779,Male,0,8,Yes,DSL,88.94,774.63,No
CUST00780,Male,0,1,Yes,DSL,71.63,71.7,No
CUST00781,Male,0,5,Yes,Fiber optic,98.19,478.18,No
CUST00782,Male,1,0,No,Fiber optic,94.07,,No
CUST00783,Male,0,1,No,Fiber optic,94.82,99.82,Yes
CUST00784,Male,0,17,Yes,Fiber optic,63.21,1114.03,No
CUST00785,Male,1,12,No,DSL,22.33,185.05,No
CUST00786,Male,0,20,No,Fiber optic,68.95,1426.36,No
CUST00787,Male,1,36,No,DSL,47.9,1983.64,No
CUST00788,Female,0,4,No,Fiber optic,76.21,274.66,Yes
CUST00789,Female,0,0,Yes,DSL,100.2,,Yes
CUST00790,Male,0,1,Yes,Fiber optic,79.4,82.0,No
CUST00791,Male,0,42,Yes,Fiber optic,35.58,1289.45,Yes
CUST00792,Male,0,40,Yes,Fiber optic,47.87,1907.72,No
CUST00793,Male,0,29,Yes,Fiber optic,58.95,1782.89,No
CUST00794,Female,0,15,No,DSL,50.47,678.96,No
CUST00795,Female,0,4,Yes,DSL,107.22,454.27,Yes
CUST00796,Female,0,7,Yes,Fiber optic,101.99,692.73,Yes
CUST00797,Female,0,55,Yes,No,96.91,5398.37,No
CUST00798,Female,0,5,No,DSL,65.39,288.65,No
CUST00799,Female,0,27,No,DSL,74.89,2253.73,No
CUST00800,Female,0,49,No,No,42.97,2289.36,No
CUST00801,Male,1,65,Yes,DSL,23.72,1111.49,No
CUST00802,Female,0,4,No,Fiber optic,68.59,313.58,Yes
CUST00803,Male,0,3,Yes,Fiber optic,68.7,231.73,No
CUST00804,Male,1,50,Yes,DSL,73.7,3854.56,No
CUST00805,Male,0,40,Yes,Fiber optic,88.56,3778.95,No
CUST00806,Male,0,2,Yes,DSL,68.74,126.3,No
CUST00807,Female,0,0,Yes,No,99.7,,Yes
CUST00808,Male,0,37,Yes,No,38.23,1421.22,No
CUST00809,Female,1,24,Yes,No,64.54,1610.12,No
CUST00810,Male,0,34,No,Fiber optic,80.59,2737.17,No
CUST00811,Male,0,22,Yes,Fiber optic,46.36,807.33,Yes
CUST00812,Male,0,6,No,Fiber optic,100.87,562.01,Yes
CUST00813,Male,0,37,Yes,Fiber optic,49.36,2180.17,No
CUST00814,Female,1,5,Yes,Fiber optic,101.63,531.73,Yes
CUST00815,Female,0,33,No,DSL,61.29,1832.68,No
CUST00816,Male,0,34,Yes,Fiber optic,20.01,850.43,No
CUST00817,Female,0,2,No,Fiber optic,65.84,116.97,Yes
CUST00818,Male,0,6,Yes,Fiber optic,98.02,608.05,No
CUST00819,Female,0,3,Yes,No,77.8,242.9,No
CUST00820,Female,0,44,No,Fiber optic,96.42,4192.47,No
CUST00821,Male,1,46,No,DSL,42.66,1615.52,Yes
CUST00822,Male,1,6,No,No,81.13,517.86,No
CUST00823,Male,0,59,No,Fiber optic,30.65,1297.67,Yes
CUST00824,Female,0,9,No,DSL,80.13,705.9,No
CUST00825,Female,1,7,No,Fiber optic,99.31,655.18,No
CUST00826,Female,1,65,Yes,Fiber optic,94.16,6352.3,No
CUST00827,Female,0,27,No,Fiber optic,52.69,1638.78,No
CUST00828,Female,0,43,Yes,Fiber optic,38.76,1894.37,No
CUST00829,Female,0,57,Yes,DSL,74.39,4194.53,No
CUST00830,Female,1,28,Yes,Fiber optic,70.52,1791.13,No
CUST00831,Female,0,6,No,Fiber optic,63.93,431.48,No
CUST00832,Female,0,9,Yes,DSL,95.55,897.33,Yes
CUST00833,Female,0,41,No,No,41.54,1309.68,No
CUST00834,Female,0,42,No,Fiber optic,21.09,721.78,No
CUST00835,Female,1,59,Yes,DSL,34.05,2374.67,No
CUST00836,Female,0,11,Yes,DSL,86.68,1004.55,Yes
CUST00837,Female,0,12,Yes,Fiber optic,32.32,297.67,Yes
CUST00838,Male,0,52,No,DSL,98.32,4705.35,No
CUST00839,Female,1,51,No,Fiber optic,26.16,1458.31,Yes
CUST00840,Male,0,9,Yes,No,91.1,753.21,Yes
CUST00841,Male,0,7,Yes,DSL,62.86,496.63,No
CUST00842,Female,0,20,Yes,DSL,59.14,1007.45,No
CUST00843,Male,1,11,No,Fiber optic,61.35,684.02,No
CUST00844,Female,0,8,Yes,Fiber optic,73.4,590.15,No
CUST00845,Male,0,12,Yes,Fiber optic,50.51,504.53,No
CUST00846,Male,0,1,No,No,96.4,100.91,Yes
CUST00847,Male,0,61,No,DSL,44.9,2620.11,No
CUST00848,Male,0,44,Yes,Fiber optic,61.02,2977.43,Yes
CUST00849,Female,0,6,Yes,Fiber optic,101.96,553.77,No
CUST00850,Female,1,0,Yes,DSL,105.57,,No
CUST00851,Female,0,10,No,DSL,109.46,1182.6,Yes
CUST00852,Female,0,11,No,DSL,74.64,923.84,Yes
CUST00853,Male,1,68,Yes,DSL,39.83,2726.95,No
CUST00854,Female,1,49,Yes,Fiber optic,76.36,3749.98,No
CUST00855,Male,0,28,No,Fiber optic,81.71,2035.16,Yes
CUST00856,Male,1,1,No,Fiber optic,67.03,,No
CUST00857,Female,0,0,No,Fiber optic,80.94,,No
CUST00858,Male,0,36,Yes,DSL,47.36,1387.87,No
CUST00859,Male,0,2,No,DSL,106.04,207.73,Yes
CUST00860,Female,0,61,Yes,No,69.52,3734.67,No
CUST00861,Female,0,5,Yes,No,90.98,478.27,Yes
CUST00862,Female,0,28,Yes,Fiber optic,76.8,2265.79,No
CUST00863,Female,0,3,Yes,DSL,90.82,250.27,Yes
CUST00864,Female,0,70,No,No,64.39,4870.21,No
CUST00865,Female,0,12,Yes,DSL,52.35,655.13,No
CUST00866,Female,0,29,No,Fiber optic,95.38,2644.54,No
CUST00867,Male,0,65,Yes,Fiber optic,68.57,4515.35,No
CUST00868,Male,0,10,Yes,No,75.69,671.84,Yes
CUST00869,Female,1,46,Yes,Fiber optic,73.77,3432.76,No
CUST00870,Male,0,44,Yes,Fiber optic,97.03,3851.15,No
CUST00871,Female,0,36,Yes,Fiber optic,56.86,2276.9,No
CUST00872,Female,1,4,No,Fiber optic,108.01,408.72,No
CUST00873,Female,0,10,Yes,Fiber optic,71.94,756.12,Yes
CUST00874,Male,0,10,Yes,Fiber optic,104.66,1051.99,Yes
CUST00875,Female,0,20,Yes,DSL,86.39,1571.15,No
CUST00876,Male,0,5,No,DSL,97.27,480.53,Yes
CUST00877,Female,0,12,Yes,Fiber optic,95.25,1174.57,Yes
CUST00878,Female,0,13,Yes,Fiber optic,45.74,,Yes
CUST00879,Male,0,7,Yes,Fiber optic,109.67,771.65,No
CUST00880,Male,0,12,No,DSL,43.0,604.7,No
CUST00881,Female,0,6,No,Fiber optic,97.81,539.41,No
CUST00882,Male,0,3,No,Fiber optic,97.64,301.76,Yes
CUST00883,Male,0,41,No,No,29.06,1416.21,No
CUST00884,Male,1,66,Yes,DSL,92.83,6323.5,No
CUST00885,Male,0,55,Yes,Fiber optic,45.81,2301.28,No
CUST00886,Male,1,30,No,DSL,47.78,1262.82,Yes
CUST00887,Male,0,20,Yes,Fiber optic,63.58,1447.74,No
CUST00888,Female,0,29,No,Fiber optic,30.9,622.75,Yes
CUST00889,Male,0,65,No,DSL,72.72,5068.53,No
CUST00890,Male,0,23,Yes,No,71.81,1682.25,No
CUST00891,Female,0,4,No,DSL,104.72,454.05,No
CUST00892,Female,1,30,No,Fiber optic,76.33,2030.45,Yes
CUST00893,Female,1,5,No,DSL,77.77,370.02,No
CUST00894,Male,0,36,Yes,DSL,44.17,1504.52,No
CUST00895,Male,1,30,Yes,DSL,53.12,1529.18,No
CUST00896,Female,1,38,Yes,Fiber optic,25.69,1154.66,Yes
CUST00897,Female,0,28,Yes,DSL,53.04,1598.32,No
CUST00898,Female,0,22,No,DSL,81.45,1752.39,No
CUST00899,Male,0,23,No,Fiber optic,33.36,690.38,No
CUST00900,Male,0,11,Yes,No,60.25,675.48,No
CUST00901,Female,0,1,No,DSL,93.8,84.23,Yes
CUST00902,Male,0,30,No,Fiber optic,50.05,1436.52,No
CUST00903,Male,0,5,Yes,Fiber optic,84.01,378.49,Yes
CUST00904,Female,0,1,Yes,No,93.22,103.03,Yes
CUST00905,Male,0,20,Yes,DSL,70.13,1403.93,No
CUST00906,Male,0,9,Yes,DSL,83.85,742.1,Yes
CUST00907,Female,0,44,Yes,Fiber optic,40.6,1384.43,No
CUST00908,Female,0,12,No,No,90.41,1036.85,No
CUST00909,Male,0,49,No,Fiber optic,39.09,1975.69,No
CUST00910,Female,0,59,No,Fiber optic,55.73,3015.68,Yes
CUST00911,Male,0,3,Yes,DSL,90.86,246.78,No
CUST00912,Male,0,27,No,DSL,56.56,1488.51,No
CUST00913,Female,0,11,No,DSL,70.54,749.01,No
CUST00914,Male,0,5,No,DSL,93.79,476.54,Yes
CUST00915,Female,0,11,Yes,Fiber optic,109.33,1234.37,No
CUST00916,Male,0,58,Yes,No,33.42,1369.07,No
CUST00917,Female,0,64,No,No,84.94,5132.62,No
CUST00918,Female,0,48,Yes,No,22.78,1121.17,No
CUST00919,Female,0,9,No,DSL,84.66,,Yes
CUST00920,Male,1,32,No,DSL,21.3,658.21,No
CUST00921,Female,0,9,Yes,No,103.12,918.42,No
CUST00922,Male,0,67,Yes,Fiber optic,48.98,3458.18,No
CUST00923,Female,0,11,No,Fiber optic,104.28,1047.67,No
CUST00924,Female,0,0,Yes,No,91.54,,No
CUST00925,Female,0,18,Yes,Fiber optic,40.0,541.95,No
CUST00926,Male,0,70,No,Fiber optic,53.48,3181.79,No
CUST00927,Male,0,3,Yes,DSL,77.19,206.77,Yes
CUST00928,Male,0,11,Yes,Fiber optic,89.38,984.16,No
CUST00929,Female,0,7,Yes,DSL,94.98,599.11,Yes
CUST00930,Male,0,0,Yes,Fiber optic,91.01,,No
CUST00931,Female,1,5,No,DSL,78.3,,Yes
CUST00932,Female,0,10,Yes,DSL,99.91,1025.11,Yes
CUST00933,Male,0,44,No,No,92.83,4170.0,No
CUST00934,Male,0,39,Yes,No,42.3,1498.36,No
CUST00935,Male,0,8,Yes,Fiber optic,89.57,757.68,Yes
CUST00936,Female,0,46,No,DSL,33.8,1880.86,No
CUST00937,Female,0,67,Yes,Fiber optic,69.26,4437.89,No
CUST00938,Male,0,2,No,Fiber optic,100.52,187.84,Yes
CUST00939,Male,0,54,Yes,DSL,33.33,1596.24,No
CUST00940,Female,0,48,No,DSL,45.43,1818.31,No
CUST00941,Female,0,1,No,Fiber optic,84.27,94.13,No
CUST00942,Female,0,50,No,Fiber optic,66.83,3814.01,No
CUST00943,Male,0,69,No,No,51.32,3660.03,No
CUST00944,Male,0,4,No,Fiber optic,82.92,325.37,No
CUST00945,Female,1,6,Yes,DSL,98.88,647.62,Yes
CUST00946,Female,0,8,No,Fiber optic,71.16,577.89,Yes
CUST00947,Female,0,7,Yes,Fiber optic,90.76,606.88,Yes
CUST00948,Female,0,6,No,No,104.18,615.64,No
CUST00949,Male,0,12,Yes,DSL,89.28,1118.8,No
CUST00950,Female,0,12,Yes,DSL,59.57,660.54,No
CUST00951,Female,0,67,Yes,DSL,74.44,5384.67,No
CUST00952,Female,0,6,Yes,DSL,71.68,,Yes
CUST00953,Female,0,2,No,Fiber optic,95.88,176.14,No
CUST00954,Female,0,0,No,No,73.15,,No
CUST00955,Male,0,31,No,DSL,27.79,645.74,No
CUST00956,Male,0,0,Yes,No,76.05,,Yes
CUST00957,Female,0,0,Yes,DSL,108.5,,Yes
CUST00958,Female,0,55,Yes,Fiber optic,53.06,,No
CUST00959,Male,0,66,Yes,Fiber optic,53.12,3273.9,No
CUST00960,Female,0,50,No,No,49.76,2434.48,No
CUST00961,Female,0,5,Yes,DSL,60.79,293.59,No
CUST00962,Female,0,12,Yes,DSL,36.06,383.09,No
CUST00963,Female,0,5,Yes,DSL,62.46,275.39,No
CUST00964,Male,0,47,No,DSL,27.52,1010.22,No
CUST00965,Female,1,29,Yes,DSL,82.31,2323.86,No
CUST00966,Female,1,0,No,No,78.67,,No
CUST00967,Male,0,67,Yes,No,67.83,4208.36,No
CUST00968,Female,0,30,Yes,Fiber optic,86.81,2437.83,No
CUST00969,Male,0,44,Yes,Fiber optic,37.27,2070.86,No
CUST00970,Female,0,4,No,DSL,101.91,438.4,No
CUST00971,Male,0,52,Yes,No,38.71,2319.76,No
CUST00972,Male,0,10,No,Fiber optic,99.95,971.59,No
CUST00973,Male,1,54,Yes,No,25.6,1132.58,Yes
CUST00974,Female,0,44,Yes,No,53.94,2059.29,No
CUST00975,Female,0,5,No,Fiber optic,95.32,451.93,No
CUST00976,Female,0,11,No,Fiber optic,92.98,995.46,No
CUST00977,Male,0,58,No,DSL,53.16,3593.53,No
CUST00978,Female,0,7,Yes,No,103.04,662.15,No
CUST00979,Female,0,17,Yes,DSL,42.72,629.28,No
CUST00980,Male,0,10,Yes,DSL,84.26,743.49,No
CUST00981,Female,0,29,Yes,No,93.98,2966.53,No
CUST00982,Female,0,63,No,DSL,58.31,4199.31,No
CUST00983,Male,1,24,No,DSL,43.16,1262.66,No
CUST00984,Male,0,6,Yes,Fiber optic,75.54,483.91,No
CUST00985,Female,0,4,Yes,Fiber optic,80.35,326.37,Yes
CUST00986,Male,0,8,Yes,No,68.95,603.07,No
CUST00987,Male,0,18,Yes,Fiber optic,99.23,1672.1,No
CUST00988,Male,1,1,No,Fiber optic,80.74,83.32,No
CUST00989,Female,0,52,No,Fiber optic,79.03,4267.34,No
CUST00990,Male,1,8,No,DSL,84.5,648.99,No
CUST00991,Female,1,9,Yes,DSL,103.17,956.2,Yes
CUST00992,Female,0,57,No,DSL,88.25,4800.94,No
CUST00993,Male,0,31,No,Fiber optic,79.43,2444.63,No
CUST00994,Female,0,23,No,Fiber optic,38.56,823.08,No
CUST00995,Male,0,54,Yes,No,39.29,2610.71,No
CUST00996,Male,0,63,Yes,No,62.61,,No
CUST00997,Female,0,3,No,DSL,101.83,305.25,Yes
CUST00998,Male,0,31,No,DSL,31.48,1197.4,No
CUST00999,Male,0,2,No,No,108.14,205.24,Yes
CUST01000,Female,1,18,No,Fiber optic,29.94,508.99,No
